transaction_id,customer_id,purchase_date,revenue,product_cat,channel,country
TXN000001,CLT0145,2022-01-01,51.93,Add-on,web,CO
TXN000002,CLT0084,2022-01-01,523.6,Consultoría,direct,CO
TXN000003,CLT0087,2022-01-01,559.03,Consultoría,web,EC
TXN000004,CLT0098,2022-01-02,270.21,Add-on,referral,MX
TXN000005,CLT0075,2022-01-02,129.71,Plan Básico,direct,BO
TXN000006,CLT0034,2022-01-03,54.84,Plan Pro,direct,EC
TXN000007,CLT0161,2022-01-03,467.2,Plan Pro,web,PE
TXN000008,CLT0026,2022-01-03,321.92,Add-on,web,PE
TXN000009,CLT0066,2022-01-04,372.93,Plan Básico,web,AR
TXN000010,CLT0125,2022-01-04,50.0,Plan Básico,web,CL
TXN000011,CLT0063,2022-01-05,918.54,Plan Pro,direct,AR
TXN000012,CLT0087,2022-01-05,50.0,Plan Básico,web,BO
TXN000013,CLT0041,2022-01-06,159.94,Add-on,direct,PE
TXN000014,CLT0186,2022-01-06,180.37,Add-on,email,MX
TXN000015,CLT0098,2022-01-06,50.0,Plan Básico,direct,CL
TXN000016,CLT0124,2022-01-07,240.57,Add-on,web,BO
TXN000017,CLT0079,2022-01-07,489.16,Consultoría,web,MX
TXN000018,CLT0010,2022-01-08,606.59,Plan Pro,email,BO
TXN000019,CLT0015,2022-01-08,740.34,Add-on,direct,AR
TXN000020,CLT0042,2022-01-08,234.11,Plan Básico,email,CO
TXN000021,CLT0093,2022-01-09,348.59,Plan Pro,direct,MX
TXN000022,CLT0185,2022-01-09,50.0,Add-on,web,AR
TXN000023,CLT0017,2022-01-10,234.33,Plan Pro,direct,AR
TXN000024,CLT0188,2022-01-10,58.87,Plan Básico,web,AR
TXN000025,CLT0009,2022-01-11,161.51,Consultoría,web,CO
TXN000026,CLT0114,2022-01-11,139.8,Consultoría,referral,CO
TXN000027,CLT0036,2022-01-11,192.8,Add-on,referral,EC
TXN000028,CLT0036,2022-01-12,296.72,Consultoría,direct,CO
TXN000029,CLT0048,2022-01-12,816.12,Add-on,web,CL
TXN000030,CLT0051,2022-01-13,175.59,Plan Pro,email,CO
TXN000031,CLT0097,2022-01-13,1389.59,Add-on,web,CO
TXN000032,CLT0119,2022-01-13,498.08,Add-on,email,CO
TXN000033,CLT0095,2022-01-14,250.73,Add-on,direct,BO
TXN000034,CLT0070,2022-01-14,361.51,Consultoría,direct,MX
TXN000035,CLT0074,2022-01-15,50.0,Add-on,email,CO
TXN000036,CLT0080,2022-01-15,651.44,Plan Básico,email,CL
TXN000037,CLT0068,2022-01-16,305.6,Add-on,web,BO
TXN000038,CLT0150,2022-01-16,1495.74,Plan Pro,direct,AR
TXN000039,CLT0077,2022-01-16,354.12,Plan Básico,web,MX
TXN000040,CLT0116,2022-01-17,628.75,Plan Pro,email,PE
TXN000041,CLT0006,2022-01-17,562.89,Plan Pro,referral,BO
TXN000042,CLT0154,2022-01-18,148.34,Plan Pro,referral,CO
TXN000043,CLT0075,2022-01-18,105.2,Plan Básico,referral,BO
TXN000044,CLT0088,2022-01-18,197.04,Plan Básico,email,EC
TXN000045,CLT0003,2022-01-19,220.39,Consultoría,web,EC
TXN000046,CLT0052,2022-01-19,96.09,Plan Básico,direct,BO
TXN000047,CLT0074,2022-01-20,787.49,Add-on,email,AR
TXN000048,CLT0125,2022-01-20,273.73,Plan Pro,referral,AR
TXN000049,CLT0188,2022-01-21,1342.99,Consultoría,web,MX
TXN000050,CLT0191,2022-01-21,581.29,Plan Básico,direct,EC
TXN000051,CLT0065,2022-01-21,283.94,Plan Pro,direct,PE
TXN000052,CLT0052,2022-01-22,1028.38,Plan Básico,email,BR
TXN000053,CLT0076,2022-01-22,246.03,Consultoría,email,EC
TXN000054,CLT0142,2022-01-23,763.46,Plan Básico,direct,BO
TXN000055,CLT0089,2022-01-23,155.19,Plan Básico,direct,EC
TXN000056,CLT0072,2022-01-23,166.55,Plan Pro,referral,CL
TXN000057,CLT0068,2022-01-24,189.53,Add-on,direct,BR
TXN000058,CLT0156,2022-01-24,276.86,Plan Básico,email,AR
TXN000059,CLT0199,2022-01-25,282.2,Consultoría,web,BR
TXN000060,CLT0138,2022-01-25,240.09,Plan Básico,referral,EC
TXN000061,CLT0115,2022-01-26,127.85,Plan Básico,referral,AR
TXN000062,CLT0057,2022-01-26,917.04,Add-on,direct,BR
TXN000063,CLT0066,2022-01-26,310.85,Plan Pro,web,AR
TXN000064,CLT0090,2022-01-27,183.33,Consultoría,referral,AR
TXN000065,CLT0050,2022-01-27,368.62,Plan Pro,email,MX
TXN000066,CLT0014,2022-01-28,511.31,Plan Pro,direct,PE
TXN000067,CLT0016,2022-01-28,1133.04,Plan Pro,email,AR
TXN000068,CLT0182,2022-01-28,242.29,Plan Básico,direct,CL
TXN000069,CLT0171,2022-01-29,50.0,Add-on,referral,EC
TXN000070,CLT0042,2022-01-29,203.42,Plan Básico,direct,EC
TXN000071,CLT0110,2022-01-30,228.18,Consultoría,web,CL
TXN000072,CLT0022,2022-01-30,795.54,Add-on,email,CO
TXN000073,CLT0068,2022-01-31,175.77,Plan Pro,web,AR
TXN000074,CLT0019,2022-01-31,1072.59,Add-on,email,BO
TXN000075,CLT0066,2022-01-31,232.35,Consultoría,email,AR
TXN000076,CLT0167,2022-02-01,1274.44,Plan Básico,direct,AR
TXN000077,CLT0073,2022-02-01,50.0,Plan Básico,referral,BO
TXN000078,CLT0147,2022-02-02,801.78,Plan Pro,referral,BR
TXN000079,CLT0144,2022-02-02,936.39,Plan Básico,web,AR
TXN000080,CLT0054,2022-02-02,1135.66,Plan Básico,direct,AR
TXN000081,CLT0153,2022-02-03,50.0,Consultoría,referral,CL
TXN000082,CLT0112,2022-02-03,65.93,Add-on,email,PE
TXN000083,CLT0018,2022-02-04,371.22,Plan Básico,email,PE
TXN000084,CLT0151,2022-02-04,50.0,Consultoría,direct,CO
TXN000085,CLT0117,2022-02-05,50.0,Consultoría,web,CL
TXN000086,CLT0085,2022-02-05,87.45,Plan Pro,direct,AR
TXN000087,CLT0139,2022-02-05,251.42,Consultoría,web,PE
TXN000088,CLT0039,2022-02-06,276.31,Plan Pro,direct,MX
TXN000089,CLT0105,2022-02-06,50.0,Plan Básico,email,MX
TXN000090,CLT0068,2022-02-07,65.37,Plan Pro,direct,MX
TXN000091,CLT0025,2022-02-07,242.4,Consultoría,referral,AR
TXN000092,CLT0191,2022-02-07,315.44,Add-on,referral,AR
TXN000093,CLT0158,2022-02-08,56.22,Add-on,direct,BO
TXN000094,CLT0173,2022-02-08,178.11,Plan Básico,web,CO
TXN000095,CLT0123,2022-02-09,821.66,Plan Básico,web,EC
TXN000096,CLT0121,2022-02-09,2384.13,Add-on,email,CO
TXN000097,CLT0061,2022-02-10,1525.8,Plan Pro,email,CO
TXN000098,CLT0100,2022-02-10,747.01,Plan Básico,web,BR
TXN000099,CLT0051,2022-02-10,175.69,Consultoría,direct,MX
TXN000100,CLT0098,2022-02-11,406.07,Plan Básico,email,AR
TXN000101,CLT0137,2022-02-11,188.6,Plan Pro,web,MX
TXN000102,CLT0002,2022-02-12,365.97,Plan Básico,web,CO
TXN000103,CLT0005,2022-02-12,129.58,Consultoría,direct,AR
TXN000104,CLT0190,2022-02-12,326.17,Consultoría,referral,CL
TXN000105,CLT0197,2022-02-13,259.64,Consultoría,web,BO
TXN000106,CLT0180,2022-02-13,50.0,Plan Pro,email,PE
TXN000107,CLT0086,2022-02-14,547.4,Plan Pro,direct,PE
TXN000108,CLT0133,2022-02-14,50.0,Consultoría,direct,CO
TXN000109,CLT0187,2022-02-15,121.43,Consultoría,direct,EC
TXN000110,CLT0068,2022-02-15,50.0,Plan Pro,referral,MX
TXN000111,CLT0009,2022-02-15,165.17,Plan Pro,referral,CL
TXN000112,CLT0093,2022-02-16,50.0,Plan Pro,email,AR
TXN000113,CLT0150,2022-02-16,856.71,Add-on,email,EC
TXN000114,CLT0155,2022-02-17,188.06,Plan Pro,direct,MX
TXN000115,CLT0138,2022-02-17,215.34,Consultoría,email,CO
TXN000116,CLT0125,2022-02-17,150.69,Add-on,web,MX
TXN000117,CLT0061,2022-02-18,345.64,Plan Pro,referral,CO
TXN000118,CLT0051,2022-02-18,537.03,Consultoría,direct,BR
TXN000119,CLT0010,2022-02-19,365.59,Plan Básico,direct,PE
TXN000120,CLT0134,2022-02-19,482.7,Add-on,web,EC
TXN000121,CLT0062,2022-02-20,827.46,Consultoría,web,PE
TXN000122,CLT0113,2022-02-20,697.12,Plan Básico,web,MX
TXN000123,CLT0133,2022-02-20,392.36,Consultoría,web,CL
TXN000124,CLT0122,2022-02-21,84.56,Plan Pro,direct,AR
TXN000125,CLT0198,2022-02-21,355.35,Plan Pro,referral,CO
TXN000126,CLT0191,2022-02-22,246.89,Plan Básico,referral,AR
TXN000127,CLT0123,2022-02-22,442.08,Plan Pro,web,PE
TXN000128,CLT0184,2022-02-22,626.27,Consultoría,email,BO
TXN000129,CLT0187,2022-02-23,475.16,Plan Básico,direct,CL
TXN000130,CLT0063,2022-02-23,656.06,Consultoría,referral,CL
TXN000131,CLT0111,2022-02-24,50.0,Consultoría,web,AR
TXN000132,CLT0089,2022-02-24,50.0,Consultoría,email,PE
TXN000133,CLT0187,2022-02-25,104.68,Plan Pro,email,BO
TXN000134,CLT0051,2022-02-25,808.24,Plan Pro,web,AR
TXN000135,CLT0178,2022-02-25,607.37,Consultoría,direct,MX
TXN000136,CLT0132,2022-02-26,401.8,Add-on,referral,CL
TXN000137,CLT0104,2022-02-26,422.28,Consultoría,email,CL
TXN000138,CLT0123,2022-02-27,453.98,Consultoría,referral,MX
TXN000139,CLT0048,2022-02-27,1000.22,Plan Básico,referral,PE
TXN000140,CLT0032,2022-02-27,624.73,Consultoría,email,CL
TXN000141,CLT0120,2022-02-28,341.79,Plan Pro,web,EC
TXN000142,CLT0179,2022-02-28,383.52,Plan Básico,email,BO
TXN000143,CLT0180,2022-03-01,84.16,Add-on,email,BR
TXN000144,CLT0099,2022-03-01,374.83,Plan Básico,direct,BR
TXN000145,CLT0074,2022-03-02,193.49,Add-on,referral,BR
TXN000146,CLT0034,2022-03-02,58.1,Plan Básico,web,CO
TXN000147,CLT0164,2022-03-02,574.69,Plan Básico,referral,EC
TXN000148,CLT0070,2022-03-03,249.85,Add-on,email,CO
TXN000149,CLT0171,2022-03-03,1326.82,Plan Pro,web,PE
TXN000150,CLT0110,2022-03-04,115.79,Plan Pro,web,MX
TXN000151,CLT0016,2022-03-04,229.33,Plan Pro,web,AR
TXN000152,CLT0059,2022-03-04,207.97,Plan Básico,web,EC
TXN000153,CLT0181,2022-03-05,50.0,Consultoría,direct,BO
TXN000154,CLT0019,2022-03-05,194.36,Plan Básico,web,PE
TXN000155,CLT0095,2022-03-06,118.67,Consultoría,email,AR
TXN000156,CLT0113,2022-03-06,61.16,Consultoría,direct,PE
TXN000157,CLT0041,2022-03-07,116.03,Plan Pro,email,CO
TXN000158,CLT0081,2022-03-07,92.96,Consultoría,email,BR
TXN000159,CLT0175,2022-03-07,463.59,Plan Básico,referral,MX
TXN000160,CLT0103,2022-03-08,50.0,Plan Básico,web,CO
TXN000161,CLT0054,2022-03-08,336.33,Plan Pro,web,MX
TXN000162,CLT0183,2022-03-09,500.46,Add-on,email,EC
TXN000163,CLT0095,2022-03-09,229.36,Plan Básico,web,AR
TXN000164,CLT0147,2022-03-09,938.65,Consultoría,direct,PE
TXN000165,CLT0062,2022-03-10,430.71,Plan Básico,referral,CL
TXN000166,CLT0099,2022-03-10,482.31,Plan Básico,web,CL
TXN000167,CLT0093,2022-03-11,76.76,Plan Básico,web,MX
TXN000168,CLT0187,2022-03-11,525.67,Add-on,direct,BR
TXN000169,CLT0065,2022-03-12,624.52,Consultoría,referral,BR
TXN000170,CLT0068,2022-03-12,156.89,Plan Pro,direct,MX
TXN000171,CLT0028,2022-03-12,84.0,Plan Básico,email,CO
TXN000172,CLT0018,2022-03-13,170.18,Consultoría,email,CL
TXN000173,CLT0026,2022-03-13,470.95,Consultoría,web,CO
TXN000174,CLT0104,2022-03-14,189.23,Plan Pro,referral,AR
TXN000175,CLT0147,2022-03-14,467.0,Plan Básico,email,CL
TXN000176,CLT0055,2022-03-14,50.0,Add-on,direct,AR
TXN000177,CLT0119,2022-03-15,573.99,Consultoría,email,PE
TXN000178,CLT0124,2022-03-15,102.19,Plan Pro,email,CO
TXN000179,CLT0185,2022-03-16,100.19,Add-on,direct,MX
TXN000180,CLT0134,2022-03-16,312.38,Consultoría,web,CL
TXN000181,CLT0129,2022-03-17,50.0,Plan Básico,referral,CO
TXN000182,CLT0008,2022-03-17,50.0,Consultoría,web,MX
TXN000183,CLT0051,2022-03-17,105.87,Add-on,direct,PE
TXN000184,CLT0085,2022-03-18,270.32,Add-on,email,CL
TXN000185,CLT0025,2022-03-18,833.63,Plan Básico,referral,AR
TXN000186,CLT0175,2022-03-19,655.77,Plan Básico,web,PE
TXN000187,CLT0183,2022-03-19,235.98,Plan Pro,direct,BR
TXN000188,CLT0192,2022-03-19,50.0,Plan Básico,email,MX
TXN000189,CLT0083,2022-03-20,268.19,Plan Pro,email,BO
TXN000190,CLT0093,2022-03-20,427.03,Add-on,web,CL
TXN000191,CLT0117,2022-03-21,144.99,Add-on,direct,CL
TXN000192,CLT0138,2022-03-21,50.0,Consultoría,email,EC
TXN000193,CLT0056,2022-03-22,114.28,Consultoría,email,EC
TXN000194,CLT0012,2022-03-22,516.81,Plan Pro,referral,PE
TXN000195,CLT0161,2022-03-22,151.44,Plan Básico,email,CL
TXN000196,CLT0120,2022-03-23,584.93,Plan Básico,web,MX
TXN000197,CLT0071,2022-03-23,134.74,Consultoría,direct,PE
TXN000198,CLT0017,2022-03-24,62.51,Add-on,direct,AR
TXN000199,CLT0189,2022-03-24,200.35,Plan Pro,referral,PE
TXN000200,CLT0122,2022-03-24,210.69,Add-on,direct,PE
TXN000201,CLT0124,2022-03-25,50.0,Add-on,web,BO
TXN000202,CLT0010,2022-03-25,50.0,Plan Básico,email,AR
TXN000203,CLT0031,2022-03-26,71.57,Plan Pro,referral,BR
TXN000204,CLT0060,2022-03-26,50.0,Add-on,direct,EC
TXN000205,CLT0070,2022-03-27,146.24,Consultoría,referral,MX
TXN000206,CLT0017,2022-03-27,1169.59,Consultoría,referral,BR
TXN000207,CLT0050,2022-03-27,249.12,Plan Básico,direct,BR
TXN000208,CLT0037,2022-03-28,345.68,Consultoría,referral,BR
TXN000209,CLT0190,2022-03-28,154.23,Consultoría,direct,EC
TXN000210,CLT0118,2022-03-29,136.78,Add-on,web,CO
TXN000211,CLT0200,2022-03-29,50.0,Consultoría,direct,EC
TXN000212,CLT0157,2022-03-29,242.84,Consultoría,email,BR
TXN000213,CLT0160,2022-03-30,231.31,Add-on,direct,CO
TXN000214,CLT0080,2022-03-30,60.12,Plan Básico,email,AR
TXN000215,CLT0011,2022-03-31,505.85,Plan Básico,referral,EC
TXN000216,CLT0134,2022-03-31,237.51,Plan Pro,direct,MX
TXN000217,CLT0123,2022-04-01,144.9,Consultoría,email,BR
TXN000218,CLT0035,2022-04-01,55.61,Add-on,direct,CL
TXN000219,CLT0033,2022-04-01,281.16,Plan Pro,direct,AR
TXN000220,CLT0018,2022-04-02,489.17,Plan Básico,direct,CO
TXN000221,CLT0165,2022-04-02,115.95,Plan Básico,web,EC
TXN000222,CLT0013,2022-04-03,86.42,Add-on,email,MX
TXN000223,CLT0090,2022-04-03,258.3,Plan Pro,web,PE
TXN000224,CLT0110,2022-04-03,59.09,Plan Pro,web,MX
TXN000225,CLT0192,2022-04-04,384.46,Add-on,email,MX
TXN000226,CLT0001,2022-04-04,325.41,Add-on,direct,BR
TXN000227,CLT0063,2022-04-05,50.0,Plan Pro,web,BR
TXN000228,CLT0034,2022-04-05,50.0,Plan Básico,web,EC
TXN000229,CLT0103,2022-04-06,338.92,Consultoría,web,EC
TXN000230,CLT0010,2022-04-06,121.99,Plan Básico,direct,BO
TXN000231,CLT0128,2022-04-06,50.0,Add-on,web,CO
TXN000232,CLT0007,2022-04-07,498.66,Plan Pro,referral,BO
TXN000233,CLT0056,2022-04-07,131.93,Plan Pro,email,EC
TXN000234,CLT0080,2022-04-08,215.41,Consultoría,referral,CO
TXN000235,CLT0165,2022-04-08,94.59,Plan Pro,direct,BR
TXN000236,CLT0157,2022-04-08,345.46,Consultoría,web,BR
TXN000237,CLT0012,2022-04-09,125.58,Plan Básico,email,CL
TXN000238,CLT0145,2022-04-09,1204.94,Plan Básico,web,CL
TXN000239,CLT0048,2022-04-10,424.85,Plan Pro,direct,AR
TXN000240,CLT0026,2022-04-10,51.46,Plan Pro,email,BR
TXN000241,CLT0112,2022-04-11,188.67,Add-on,referral,PE
TXN000242,CLT0122,2022-04-11,170.39,Add-on,email,CL
TXN000243,CLT0012,2022-04-11,267.44,Plan Pro,web,CO
TXN000244,CLT0149,2022-04-12,645.65,Plan Pro,email,MX
TXN000245,CLT0042,2022-04-12,306.49,Plan Básico,direct,EC
TXN000246,CLT0061,2022-04-13,50.0,Plan Pro,direct,EC
TXN000247,CLT0058,2022-04-13,372.9,Add-on,email,AR
TXN000248,CLT0182,2022-04-13,50.0,Plan Básico,direct,CL
TXN000249,CLT0034,2022-04-14,529.88,Consultoría,direct,MX
TXN000250,CLT0007,2022-04-14,384.48,Add-on,direct,MX
TXN000251,CLT0109,2022-04-15,129.26,Add-on,referral,CL
TXN000252,CLT0035,2022-04-15,121.08,Plan Básico,web,PE
TXN000253,CLT0015,2022-04-16,560.29,Consultoría,direct,PE
TXN000254,CLT0193,2022-04-16,535.29,Add-on,email,AR
TXN000255,CLT0025,2022-04-16,152.02,Plan Pro,direct,BO
TXN000256,CLT0059,2022-04-17,124.31,Add-on,referral,PE
TXN000257,CLT0079,2022-04-17,287.2,Plan Básico,email,AR
TXN000258,CLT0086,2022-04-18,50.0,Plan Básico,web,BO
TXN000259,CLT0134,2022-04-18,50.0,Plan Básico,email,BO
TXN000260,CLT0180,2022-04-18,50.0,Add-on,email,CO
TXN000261,CLT0088,2022-04-19,71.78,Consultoría,email,BO
TXN000262,CLT0149,2022-04-19,251.12,Plan Pro,email,CL
TXN000263,CLT0071,2022-04-20,1700.66,Plan Básico,direct,BO
TXN000264,CLT0121,2022-04-20,370.06,Consultoría,web,MX
TXN000265,CLT0093,2022-04-21,50.0,Plan Pro,direct,AR
TXN000266,CLT0096,2022-04-21,260.98,Plan Básico,referral,EC
TXN000267,CLT0032,2022-04-21,240.26,Plan Pro,referral,PE
TXN000268,CLT0053,2022-04-22,54.49,Plan Pro,email,EC
TXN000269,CLT0059,2022-04-22,885.2,Consultoría,direct,AR
TXN000270,CLT0069,2022-04-23,203.42,Plan Pro,direct,BR
TXN000271,CLT0190,2022-04-23,1824.84,Plan Básico,web,AR
TXN000272,CLT0132,2022-04-23,190.7,Consultoría,web,PE
TXN000273,CLT0086,2022-04-24,327.73,Add-on,web,BR
TXN000274,CLT0018,2022-04-24,50.0,Add-on,direct,BR
TXN000275,CLT0081,2022-04-25,211.94,Consultoría,web,BO
TXN000276,CLT0114,2022-04-25,95.49,Add-on,web,PE
TXN000277,CLT0184,2022-04-26,631.83,Plan Pro,web,BR
TXN000278,CLT0024,2022-04-26,536.24,Plan Básico,email,CL
TXN000279,CLT0066,2022-04-26,608.4,Plan Pro,referral,MX
TXN000280,CLT0141,2022-04-27,450.08,Consultoría,referral,EC
TXN000281,CLT0062,2022-04-27,625.75,Plan Básico,direct,CL
TXN000282,CLT0054,2022-04-28,78.46,Consultoría,direct,CL
TXN000283,CLT0143,2022-04-28,210.55,Consultoría,email,PE
TXN000284,CLT0197,2022-04-28,412.01,Consultoría,referral,BO
TXN000285,CLT0131,2022-04-29,355.05,Plan Pro,web,PE
TXN000286,CLT0037,2022-04-29,441.01,Plan Básico,web,EC
TXN000287,CLT0037,2022-04-30,88.88,Plan Básico,direct,MX
TXN000288,CLT0131,2022-04-30,50.0,Plan Básico,referral,AR
TXN000289,CLT0191,2022-05-01,870.31,Plan Pro,direct,CL
TXN000290,CLT0035,2022-05-01,287.48,Add-on,direct,BR
TXN000291,CLT0180,2022-05-01,58.46,Plan Pro,web,MX
TXN000292,CLT0124,2022-05-02,552.0,Plan Pro,web,CL
TXN000293,CLT0156,2022-05-02,862.5,Consultoría,referral,AR
TXN000294,CLT0018,2022-05-03,65.03,Plan Básico,direct,BO
TXN000295,CLT0122,2022-05-03,595.18,Plan Básico,email,BR
TXN000296,CLT0164,2022-05-03,947.25,Add-on,referral,CL
TXN000297,CLT0161,2022-05-04,975.26,Add-on,direct,CO
TXN000298,CLT0192,2022-05-04,859.33,Consultoría,referral,EC
TXN000299,CLT0154,2022-05-05,276.71,Plan Básico,referral,MX
TXN000300,CLT0048,2022-05-05,154.13,Add-on,referral,EC
TXN000301,CLT0168,2022-05-06,50.0,Add-on,email,PE
TXN000302,CLT0017,2022-05-06,50.0,Plan Básico,email,CL
TXN000303,CLT0168,2022-05-06,196.03,Plan Pro,web,BR
TXN000304,CLT0135,2022-05-07,178.4,Add-on,web,BR
TXN000305,CLT0057,2022-05-07,71.48,Plan Básico,direct,MX
TXN000306,CLT0008,2022-05-08,176.16,Add-on,referral,MX
TXN000307,CLT0128,2022-05-08,67.18,Consultoría,direct,EC
TXN000308,CLT0117,2022-05-08,661.18,Add-on,web,BR
TXN000309,CLT0056,2022-05-09,123.93,Plan Básico,email,BR
TXN000310,CLT0126,2022-05-09,319.45,Add-on,web,BR
TXN000311,CLT0159,2022-05-10,244.6,Consultoría,direct,CL
TXN000312,CLT0059,2022-05-10,50.0,Consultoría,web,BR
TXN000313,CLT0058,2022-05-11,997.97,Add-on,direct,PE
TXN000314,CLT0140,2022-05-11,262.2,Add-on,direct,BR
TXN000315,CLT0176,2022-05-11,137.59,Consultoría,direct,PE
TXN000316,CLT0159,2022-05-12,60.24,Consultoría,direct,CL
TXN000317,CLT0108,2022-05-12,144.65,Plan Pro,web,MX
TXN000318,CLT0191,2022-05-13,50.0,Plan Pro,direct,BO
TXN000319,CLT0074,2022-05-13,158.15,Consultoría,direct,PE
TXN000320,CLT0167,2022-05-13,265.37,Add-on,referral,CL
TXN000321,CLT0148,2022-05-14,719.14,Plan Básico,direct,BO
TXN000322,CLT0101,2022-05-14,406.96,Add-on,web,BO
TXN000323,CLT0048,2022-05-15,50.0,Add-on,direct,BR
TXN000324,CLT0071,2022-05-15,55.95,Plan Pro,email,CL
TXN000325,CLT0116,2022-05-16,195.59,Plan Pro,email,BO
TXN000326,CLT0182,2022-05-16,76.23,Plan Pro,direct,BR
TXN000327,CLT0122,2022-05-16,50.0,Consultoría,email,EC
TXN000328,CLT0078,2022-05-17,572.19,Consultoría,email,CL
TXN000329,CLT0199,2022-05-17,50.0,Add-on,web,BO
TXN000330,CLT0029,2022-05-18,621.61,Add-on,referral,MX
TXN000331,CLT0093,2022-05-18,54.46,Plan Básico,email,PE
TXN000332,CLT0073,2022-05-18,1286.63,Add-on,email,EC
TXN000333,CLT0100,2022-05-19,324.11,Add-on,referral,MX
TXN000334,CLT0176,2022-05-19,464.79,Plan Pro,referral,CO
TXN000335,CLT0074,2022-05-20,50.0,Plan Pro,email,BR
TXN000336,CLT0184,2022-05-20,693.44,Plan Pro,direct,BO
TXN000337,CLT0095,2022-05-21,639.64,Plan Pro,email,PE
TXN000338,CLT0017,2022-05-21,370.44,Plan Pro,direct,MX
TXN000339,CLT0137,2022-05-21,244.2,Plan Básico,direct,PE
TXN000340,CLT0097,2022-05-22,447.4,Plan Básico,direct,CO
TXN000341,CLT0162,2022-05-22,50.0,Plan Básico,referral,AR
TXN000342,CLT0173,2022-05-23,314.15,Plan Pro,email,BR
TXN000343,CLT0009,2022-05-23,657.99,Consultoría,email,BR
TXN000344,CLT0135,2022-05-23,154.51,Plan Pro,web,CL
TXN000345,CLT0144,2022-05-24,50.0,Plan Pro,referral,BO
TXN000346,CLT0019,2022-05-24,191.18,Plan Básico,web,BR
TXN000347,CLT0134,2022-05-25,454.53,Plan Pro,web,BR
TXN000348,CLT0114,2022-05-25,50.0,Plan Básico,direct,MX
TXN000349,CLT0139,2022-05-26,80.76,Plan Pro,referral,EC
TXN000350,CLT0125,2022-05-26,55.88,Add-on,web,BR
TXN000351,CLT0061,2022-05-26,558.0,Consultoría,email,BR
TXN000352,CLT0042,2022-05-27,50.0,Consultoría,web,BO
TXN000353,CLT0013,2022-05-27,406.08,Plan Básico,referral,CO
TXN000354,CLT0140,2022-05-28,159.75,Add-on,email,EC
TXN000355,CLT0085,2022-05-28,493.41,Consultoría,email,CO
TXN000356,CLT0020,2022-05-28,1167.23,Plan Básico,email,BO
TXN000357,CLT0050,2022-05-29,50.0,Plan Pro,direct,PE
TXN000358,CLT0164,2022-05-29,132.1,Plan Pro,email,PE
TXN000359,CLT0092,2022-05-30,581.49,Add-on,direct,BR
TXN000360,CLT0088,2022-05-30,108.31,Consultoría,direct,BR
TXN000361,CLT0069,2022-05-31,84.78,Plan Pro,web,CL
TXN000362,CLT0037,2022-05-31,610.8,Plan Básico,web,PE
TXN000363,CLT0140,2022-05-31,1522.21,Plan Pro,email,MX
TXN000364,CLT0099,2022-06-01,284.87,Plan Pro,referral,BR
TXN000365,CLT0125,2022-06-01,114.03,Consultoría,email,MX
TXN000366,CLT0168,2022-06-02,177.95,Consultoría,web,BR
TXN000367,CLT0054,2022-06-02,65.27,Plan Básico,email,BO
TXN000368,CLT0130,2022-06-02,502.25,Add-on,web,MX
TXN000369,CLT0178,2022-06-03,519.71,Add-on,email,AR
TXN000370,CLT0041,2022-06-03,728.14,Plan Pro,referral,MX
TXN000371,CLT0045,2022-06-04,50.0,Plan Básico,email,EC
TXN000372,CLT0103,2022-06-04,288.92,Add-on,referral,PE
TXN000373,CLT0106,2022-06-05,84.39,Add-on,referral,BR
TXN000374,CLT0137,2022-06-05,145.9,Plan Pro,email,PE
TXN000375,CLT0190,2022-06-05,537.92,Plan Básico,referral,EC
TXN000376,CLT0128,2022-06-06,74.63,Add-on,referral,EC
TXN000377,CLT0086,2022-06-06,355.97,Consultoría,web,MX
TXN000378,CLT0047,2022-06-07,372.03,Consultoría,web,CO
TXN000379,CLT0005,2022-06-07,1078.41,Plan Pro,referral,CO
TXN000380,CLT0001,2022-06-07,522.33,Plan Pro,direct,EC
TXN000381,CLT0044,2022-06-08,569.72,Plan Pro,email,CO
TXN000382,CLT0150,2022-06-08,265.45,Plan Pro,referral,BR
TXN000383,CLT0038,2022-06-09,72.36,Add-on,email,CL
TXN000384,CLT0019,2022-06-09,194.03,Plan Básico,web,AR
TXN000385,CLT0159,2022-06-10,279.08,Plan Pro,email,MX
TXN000386,CLT0115,2022-06-10,397.08,Plan Pro,referral,CL
TXN000387,CLT0195,2022-06-10,327.51,Add-on,referral,CO
TXN000388,CLT0087,2022-06-11,175.29,Plan Pro,referral,MX
TXN000389,CLT0170,2022-06-11,107.91,Plan Pro,referral,CL
TXN000390,CLT0123,2022-06-12,64.47,Plan Básico,direct,PE
TXN000391,CLT0082,2022-06-12,414.28,Consultoría,direct,CO
TXN000392,CLT0154,2022-06-12,362.87,Plan Pro,direct,BO
TXN000393,CLT0141,2022-06-13,406.96,Add-on,referral,CL
TXN000394,CLT0058,2022-06-13,163.12,Plan Básico,direct,BO
TXN000395,CLT0146,2022-06-14,106.53,Add-on,email,BR
TXN000396,CLT0067,2022-06-14,499.08,Plan Básico,referral,PE
TXN000397,CLT0122,2022-06-15,519.98,Plan Básico,web,CO
TXN000398,CLT0087,2022-06-15,212.84,Plan Pro,referral,AR
TXN000399,CLT0131,2022-06-15,331.28,Plan Pro,email,EC
TXN000400,CLT0055,2022-06-16,163.67,Plan Pro,direct,CO
TXN000401,CLT0089,2022-06-16,423.67,Consultoría,referral,BO
TXN000402,CLT0058,2022-06-17,632.17,Consultoría,direct,BR
TXN000403,CLT0063,2022-06-17,407.93,Add-on,referral,AR
TXN000404,CLT0091,2022-06-17,251.52,Plan Pro,email,AR
TXN000405,CLT0052,2022-06-18,214.8,Consultoría,referral,AR
TXN000406,CLT0126,2022-06-18,359.84,Plan Pro,direct,MX
TXN000407,CLT0024,2022-06-19,398.6,Consultoría,direct,MX
TXN000408,CLT0072,2022-06-19,286.33,Consultoría,email,BO
TXN000409,CLT0009,2022-06-20,343.24,Plan Básico,referral,EC
TXN000410,CLT0110,2022-06-20,50.0,Plan Pro,web,AR
TXN000411,CLT0165,2022-06-20,1061.09,Plan Pro,referral,EC
TXN000412,CLT0094,2022-06-21,547.52,Consultoría,email,PE
TXN000413,CLT0117,2022-06-21,163.9,Plan Pro,web,AR
TXN000414,CLT0083,2022-06-22,289.59,Consultoría,email,CL
TXN000415,CLT0181,2022-06-22,50.0,Plan Pro,referral,AR
TXN000416,CLT0080,2022-06-22,50.0,Plan Básico,web,BO
TXN000417,CLT0152,2022-06-23,101.06,Plan Pro,email,MX
TXN000418,CLT0149,2022-06-23,409.58,Plan Básico,direct,MX
TXN000419,CLT0100,2022-06-24,669.04,Add-on,web,CL
TXN000420,CLT0040,2022-06-24,286.7,Plan Pro,web,CL
TXN000421,CLT0103,2022-06-25,265.85,Plan Pro,email,CO
TXN000422,CLT0062,2022-06-25,180.14,Plan Pro,direct,PE
TXN000423,CLT0198,2022-06-25,61.69,Plan Básico,web,PE
TXN000424,CLT0069,2022-06-26,50.0,Plan Pro,email,BO
TXN000425,CLT0142,2022-06-26,500.48,Plan Pro,web,BO
TXN000426,CLT0109,2022-06-27,918.48,Consultoría,web,BO
TXN000427,CLT0170,2022-06-27,214.55,Add-on,web,BO
TXN000428,CLT0178,2022-06-27,377.01,Plan Básico,direct,BO
TXN000429,CLT0189,2022-06-28,860.56,Consultoría,referral,BO
TXN000430,CLT0004,2022-06-28,50.0,Plan Básico,referral,PE
TXN000431,CLT0072,2022-06-29,515.12,Consultoría,direct,BR
TXN000432,CLT0017,2022-06-29,335.73,Add-on,direct,MX
TXN000433,CLT0114,2022-06-30,319.51,Consultoría,email,PE
TXN000434,CLT0085,2022-06-30,121.13,Plan Básico,web,BO
TXN000435,CLT0057,2022-06-30,403.09,Plan Pro,direct,CO
TXN000436,CLT0107,2022-07-01,554.32,Plan Pro,email,CO
TXN000437,CLT0048,2022-07-01,50.0,Add-on,referral,PE
TXN000438,CLT0172,2022-07-02,266.89,Plan Básico,referral,CL
TXN000439,CLT0173,2022-07-02,50.0,Plan Básico,referral,CO
TXN000440,CLT0117,2022-07-02,721.08,Plan Básico,referral,EC
TXN000441,CLT0161,2022-07-03,247.99,Add-on,email,CL
TXN000442,CLT0031,2022-07-03,577.53,Plan Pro,web,EC
TXN000443,CLT0112,2022-07-04,160.65,Consultoría,email,MX
TXN000444,CLT0047,2022-07-04,50.0,Add-on,web,BR
TXN000445,CLT0134,2022-07-05,50.0,Consultoría,referral,CO
TXN000446,CLT0108,2022-07-05,115.71,Plan Pro,direct,CL
TXN000447,CLT0072,2022-07-05,98.01,Add-on,direct,BO
TXN000448,CLT0071,2022-07-06,287.62,Plan Pro,direct,EC
TXN000449,CLT0162,2022-07-06,50.0,Consultoría,web,PE
TXN000450,CLT0108,2022-07-07,257.31,Plan Básico,referral,EC
TXN000451,CLT0053,2022-07-07,174.02,Plan Básico,email,EC
TXN000452,CLT0142,2022-07-07,301.24,Consultoría,direct,MX
TXN000453,CLT0016,2022-07-08,424.22,Plan Básico,web,AR
TXN000454,CLT0171,2022-07-08,351.88,Consultoría,direct,AR
TXN000455,CLT0116,2022-07-09,1461.7,Add-on,email,PE
TXN000456,CLT0073,2022-07-09,52.08,Add-on,referral,MX
TXN000457,CLT0074,2022-07-10,196.58,Add-on,email,MX
TXN000458,CLT0081,2022-07-10,193.58,Plan Básico,referral,BO
TXN000459,CLT0012,2022-07-10,188.88,Plan Pro,referral,MX
TXN000460,CLT0128,2022-07-11,381.52,Plan Básico,referral,MX
TXN000461,CLT0070,2022-07-11,235.55,Plan Básico,direct,AR
TXN000462,CLT0147,2022-07-12,255.02,Plan Pro,email,CL
TXN000463,CLT0041,2022-07-12,198.19,Plan Pro,direct,MX
TXN000464,CLT0181,2022-07-12,1677.0,Plan Pro,email,CL
TXN000465,CLT0157,2022-07-13,918.76,Plan Pro,web,EC
TXN000466,CLT0198,2022-07-13,128.72,Plan Básico,web,EC
TXN000467,CLT0059,2022-07-14,50.0,Consultoría,email,MX
TXN000468,CLT0089,2022-07-14,640.89,Add-on,email,CO
TXN000469,CLT0192,2022-07-15,2053.65,Consultoría,email,BR
TXN000470,CLT0024,2022-07-15,121.16,Plan Básico,email,CO
TXN000471,CLT0144,2022-07-15,154.99,Plan Pro,referral,EC
TXN000472,CLT0180,2022-07-16,994.35,Add-on,direct,BR
TXN000473,CLT0080,2022-07-16,434.62,Add-on,referral,CO
TXN000474,CLT0134,2022-07-17,122.66,Consultoría,direct,MX
TXN000475,CLT0165,2022-07-17,304.5,Plan Básico,direct,CL
TXN000476,CLT0132,2022-07-17,1010.28,Plan Básico,direct,BR
TXN000477,CLT0092,2022-07-18,584.61,Plan Básico,referral,AR
TXN000478,CLT0166,2022-07-18,473.95,Add-on,email,PE
TXN000479,CLT0169,2022-07-19,467.46,Consultoría,referral,BR
TXN000480,CLT0092,2022-07-19,68.61,Add-on,referral,BR
TXN000481,CLT0081,2022-07-20,609.4,Add-on,direct,AR
TXN000482,CLT0142,2022-07-20,113.09,Plan Pro,web,MX
TXN000483,CLT0071,2022-07-20,932.58,Consultoría,web,CO
TXN000484,CLT0179,2022-07-21,158.75,Plan Pro,referral,CO
TXN000485,CLT0065,2022-07-21,682.34,Plan Básico,direct,EC
TXN000486,CLT0052,2022-07-22,108.35,Add-on,referral,CL
TXN000487,CLT0030,2022-07-22,252.92,Consultoría,referral,MX
TXN000488,CLT0185,2022-07-22,50.0,Plan Básico,email,AR
TXN000489,CLT0099,2022-07-23,377.71,Consultoría,direct,MX
TXN000490,CLT0158,2022-07-23,632.93,Add-on,web,MX
TXN000491,CLT0098,2022-07-24,443.6,Consultoría,web,CO
TXN000492,CLT0042,2022-07-24,259.27,Plan Básico,web,AR
TXN000493,CLT0139,2022-07-25,50.0,Plan Pro,referral,BO
TXN000494,CLT0027,2022-07-25,948.38,Add-on,direct,PE
TXN000495,CLT0152,2022-07-25,427.85,Plan Pro,email,BR
TXN000496,CLT0167,2022-07-26,479.46,Add-on,web,CO
TXN000497,CLT0072,2022-07-26,554.12,Plan Básico,direct,AR
TXN000498,CLT0018,2022-07-27,482.06,Add-on,web,CL
TXN000499,CLT0077,2022-07-27,203.63,Plan Pro,email,BR
TXN000500,CLT0045,2022-07-27,462.99,Add-on,direct,BR
TXN000501,CLT0115,2022-07-28,343.32,Plan Básico,referral,BO
TXN000502,CLT0087,2022-07-28,673.49,Add-on,referral,BO
TXN000503,CLT0140,2022-07-29,567.63,Plan Pro,web,CO
TXN000504,CLT0177,2022-07-29,50.0,Plan Básico,web,EC
TXN000505,CLT0159,2022-07-30,166.68,Plan Pro,direct,CL
TXN000506,CLT0092,2022-07-30,50.0,Add-on,email,CO
TXN000507,CLT0022,2022-07-30,50.0,Consultoría,web,MX
TXN000508,CLT0172,2022-07-31,321.94,Plan Pro,direct,EC
TXN000509,CLT0092,2022-07-31,724.52,Add-on,email,AR
TXN000510,CLT0192,2022-08-01,50.0,Consultoría,web,BO
TXN000511,CLT0077,2022-08-01,209.94,Consultoría,web,CL
TXN000512,CLT0025,2022-08-01,846.22,Plan Básico,direct,BR
TXN000513,CLT0108,2022-08-02,589.27,Consultoría,web,CO
TXN000514,CLT0179,2022-08-02,256.65,Plan Pro,referral,BO
TXN000515,CLT0135,2022-08-03,516.79,Plan Pro,email,BR
TXN000516,CLT0109,2022-08-03,258.86,Consultoría,email,CL
TXN000517,CLT0134,2022-08-04,60.23,Add-on,referral,BO
TXN000518,CLT0024,2022-08-04,50.0,Plan Pro,direct,BO
TXN000519,CLT0019,2022-08-04,73.05,Plan Pro,referral,BR
TXN000520,CLT0083,2022-08-05,151.27,Plan Básico,referral,CO
TXN000521,CLT0115,2022-08-05,933.4,Add-on,email,EC
TXN000522,CLT0009,2022-08-06,562.74,Consultoría,direct,CO
TXN000523,CLT0112,2022-08-06,198.47,Add-on,web,PE
TXN000524,CLT0164,2022-08-06,237.79,Plan Básico,referral,BO
TXN000525,CLT0102,2022-08-07,108.05,Plan Básico,referral,BR
TXN000526,CLT0168,2022-08-07,426.51,Add-on,direct,PE
TXN000527,CLT0152,2022-08-08,568.18,Plan Básico,referral,EC
TXN000528,CLT0048,2022-08-08,95.55,Plan Básico,direct,PE
TXN000529,CLT0191,2022-08-09,50.0,Plan Básico,web,BR
TXN000530,CLT0069,2022-08-09,342.25,Add-on,direct,CL
TXN000531,CLT0181,2022-08-09,289.35,Plan Básico,web,MX
TXN000532,CLT0182,2022-08-10,180.03,Consultoría,direct,EC
TXN000533,CLT0170,2022-08-10,361.38,Consultoría,referral,CO
TXN000534,CLT0119,2022-08-11,279.96,Plan Pro,web,AR
TXN000535,CLT0045,2022-08-11,100.96,Consultoría,referral,EC
TXN000536,CLT0125,2022-08-11,177.47,Plan Pro,web,PE
TXN000537,CLT0014,2022-08-12,195.59,Add-on,direct,CL
TXN000538,CLT0157,2022-08-12,742.82,Plan Básico,direct,BR
TXN000539,CLT0134,2022-08-13,1134.61,Consultoría,direct,CL
TXN000540,CLT0135,2022-08-13,782.23,Plan Pro,email,CL
TXN000541,CLT0037,2022-08-14,444.51,Add-on,email,BR
TXN000542,CLT0053,2022-08-14,307.81,Plan Pro,web,AR
TXN000543,CLT0018,2022-08-14,409.08,Plan Básico,email,BR
TXN000544,CLT0038,2022-08-15,979.54,Consultoría,direct,AR
TXN000545,CLT0187,2022-08-15,100.69,Add-on,email,BR
TXN000546,CLT0129,2022-08-16,268.09,Plan Pro,email,PE
TXN000547,CLT0196,2022-08-16,409.47,Add-on,referral,AR
TXN000548,CLT0044,2022-08-16,397.98,Plan Pro,web,PE
TXN000549,CLT0047,2022-08-17,101.75,Plan Pro,web,EC
TXN000550,CLT0035,2022-08-17,309.28,Plan Básico,web,AR
TXN000551,CLT0060,2022-08-18,556.22,Plan Básico,email,AR
TXN000552,CLT0090,2022-08-18,225.58,Plan Pro,direct,BR
TXN000553,CLT0052,2022-08-19,551.77,Consultoría,referral,AR
TXN000554,CLT0008,2022-08-19,156.14,Add-on,web,PE
TXN000555,CLT0107,2022-08-19,977.53,Add-on,email,BO
TXN000556,CLT0169,2022-08-20,267.2,Plan Básico,direct,EC
TXN000557,CLT0131,2022-08-20,317.17,Consultoría,referral,BO
TXN000558,CLT0197,2022-08-21,50.0,Plan Pro,referral,BR
TXN000559,CLT0142,2022-08-21,65.33,Plan Básico,web,CO
TXN000560,CLT0096,2022-08-21,350.77,Plan Pro,web,EC
TXN000561,CLT0026,2022-08-22,190.58,Plan Pro,direct,BO
TXN000562,CLT0111,2022-08-22,248.36,Plan Básico,email,EC
TXN000563,CLT0198,2022-08-23,50.0,Consultoría,direct,BO
TXN000564,CLT0123,2022-08-23,628.8,Add-on,web,PE
TXN000565,CLT0186,2022-08-24,537.19,Plan Básico,direct,BO
TXN000566,CLT0168,2022-08-24,71.75,Consultoría,email,EC
TXN000567,CLT0051,2022-08-24,352.11,Plan Pro,referral,CO
TXN000568,CLT0123,2022-08-25,596.92,Plan Básico,referral,CL
TXN000569,CLT0005,2022-08-25,358.41,Add-on,referral,BR
TXN000570,CLT0077,2022-08-26,130.07,Add-on,referral,CL
TXN000571,CLT0160,2022-08-26,373.6,Plan Pro,web,BR
TXN000572,CLT0001,2022-08-26,82.71,Plan Básico,web,EC
TXN000573,CLT0182,2022-08-27,134.08,Add-on,email,BR
TXN000574,CLT0011,2022-08-27,96.08,Plan Básico,email,BO
TXN000575,CLT0181,2022-08-28,284.91,Add-on,email,PE
TXN000576,CLT0008,2022-08-28,50.0,Plan Pro,email,CO
TXN000577,CLT0153,2022-08-29,947.7,Plan Pro,direct,BR
TXN000578,CLT0168,2022-08-29,142.01,Plan Básico,email,CO
TXN000579,CLT0032,2022-08-29,86.5,Consultoría,referral,BR
TXN000580,CLT0028,2022-08-30,240.19,Consultoría,referral,CO
TXN000581,CLT0131,2022-08-30,113.52,Plan Pro,referral,CL
TXN000582,CLT0128,2022-08-31,267.93,Add-on,direct,PE
TXN000583,CLT0062,2022-08-31,149.97,Consultoría,email,BR
TXN000584,CLT0027,2022-08-31,50.0,Plan Pro,referral,MX
TXN000585,CLT0045,2022-09-01,108.19,Add-on,referral,CO
TXN000586,CLT0105,2022-09-01,201.96,Add-on,referral,CO
TXN000587,CLT0092,2022-09-02,50.0,Consultoría,referral,BO
TXN000588,CLT0025,2022-09-02,515.37,Plan Pro,web,MX
TXN000589,CLT0189,2022-09-03,340.34,Add-on,email,PE
TXN000590,CLT0044,2022-09-03,321.89,Add-on,email,CO
TXN000591,CLT0174,2022-09-03,276.42,Plan Básico,direct,PE
TXN000592,CLT0142,2022-09-04,312.33,Plan Básico,web,CO
TXN000593,CLT0136,2022-09-04,954.81,Consultoría,direct,EC
TXN000594,CLT0176,2022-09-05,50.0,Plan Básico,referral,AR
TXN000595,CLT0142,2022-09-05,50.0,Plan Pro,direct,EC
TXN000596,CLT0193,2022-09-05,74.4,Consultoría,referral,CO
TXN000597,CLT0080,2022-09-06,64.08,Consultoría,referral,AR
TXN000598,CLT0082,2022-09-06,69.97,Plan Básico,email,BR
TXN000599,CLT0135,2022-09-07,390.1,Add-on,email,PE
TXN000600,CLT0088,2022-09-07,215.33,Plan Pro,email,CO
TXN000601,CLT0177,2022-09-08,1680.37,Plan Pro,email,BO
TXN000602,CLT0127,2022-09-08,90.07,Plan Pro,email,CL
TXN000603,CLT0055,2022-09-08,130.29,Consultoría,web,BO
TXN000604,CLT0141,2022-09-09,1452.61,Plan Pro,email,CL
TXN000605,CLT0184,2022-09-09,623.82,Add-on,direct,MX
TXN000606,CLT0056,2022-09-10,222.07,Add-on,referral,CL
TXN000607,CLT0015,2022-09-10,283.07,Plan Básico,email,AR
TXN000608,CLT0185,2022-09-10,648.43,Plan Pro,web,CL
TXN000609,CLT0058,2022-09-11,229.53,Consultoría,direct,CL
TXN000610,CLT0163,2022-09-11,80.75,Plan Básico,direct,CL
TXN000611,CLT0088,2022-09-12,617.0,Add-on,referral,CO
TXN000612,CLT0097,2022-09-12,270.09,Plan Pro,direct,MX
TXN000613,CLT0144,2022-09-13,58.14,Add-on,direct,PE
TXN000614,CLT0008,2022-09-13,246.53,Plan Básico,direct,MX
TXN000615,CLT0173,2022-09-13,186.58,Add-on,direct,BO
TXN000616,CLT0040,2022-09-14,733.0,Plan Pro,web,AR
TXN000617,CLT0182,2022-09-14,50.0,Plan Pro,referral,CO
TXN000618,CLT0014,2022-09-15,728.39,Plan Básico,email,BR
TXN000619,CLT0187,2022-09-15,251.26,Plan Pro,direct,CO
TXN000620,CLT0053,2022-09-15,181.34,Add-on,web,EC
TXN000621,CLT0127,2022-09-16,61.84,Add-on,referral,CL
TXN000622,CLT0155,2022-09-16,422.35,Consultoría,email,BO
TXN000623,CLT0175,2022-09-17,915.13,Consultoría,referral,CL
TXN000624,CLT0080,2022-09-17,164.71,Consultoría,web,AR
TXN000625,CLT0115,2022-09-18,96.78,Add-on,web,BR
TXN000626,CLT0134,2022-09-18,283.28,Add-on,web,BO
TXN000627,CLT0055,2022-09-18,556.69,Plan Básico,direct,EC
TXN000628,CLT0044,2022-09-19,50.0,Consultoría,web,CO
TXN000629,CLT0018,2022-09-19,349.29,Add-on,email,BR
TXN000630,CLT0016,2022-09-20,317.67,Plan Básico,direct,PE
TXN000631,CLT0012,2022-09-20,134.03,Add-on,referral,MX
TXN000632,CLT0148,2022-09-20,210.15,Plan Básico,email,CO
TXN000633,CLT0045,2022-09-21,99.27,Consultoría,direct,BR
TXN000634,CLT0192,2022-09-21,546.04,Consultoría,web,PE
TXN000635,CLT0187,2022-09-22,352.3,Consultoría,referral,PE
TXN000636,CLT0093,2022-09-22,266.28,Add-on,web,EC
TXN000637,CLT0022,2022-09-23,174.46,Add-on,email,EC
TXN000638,CLT0097,2022-09-23,120.55,Plan Básico,email,MX
TXN000639,CLT0047,2022-09-23,605.54,Plan Pro,direct,PE
TXN000640,CLT0029,2022-09-24,210.14,Plan Pro,email,BO
TXN000641,CLT0045,2022-09-24,243.62,Consultoría,referral,AR
TXN000642,CLT0077,2022-09-25,257.49,Plan Pro,direct,PE
TXN000643,CLT0009,2022-09-25,208.21,Consultoría,referral,BR
TXN000644,CLT0024,2022-09-25,103.54,Plan Básico,web,EC
TXN000645,CLT0015,2022-09-26,50.0,Plan Pro,referral,AR
TXN000646,CLT0164,2022-09-26,50.0,Plan Pro,referral,BO
TXN000647,CLT0013,2022-09-27,495.81,Consultoría,email,EC
TXN000648,CLT0091,2022-09-27,88.55,Plan Básico,web,BO
TXN000649,CLT0172,2022-09-28,50.0,Plan Pro,email,EC
TXN000650,CLT0101,2022-09-28,558.99,Plan Pro,web,EC
TXN000651,CLT0071,2022-09-28,58.56,Plan Pro,web,PE
TXN000652,CLT0200,2022-09-29,343.43,Plan Básico,referral,CL
TXN000653,CLT0122,2022-09-29,144.71,Plan Básico,email,PE
TXN000654,CLT0076,2022-09-30,50.0,Plan Pro,referral,EC
TXN000655,CLT0164,2022-09-30,187.34,Consultoría,referral,AR
TXN000656,CLT0116,2022-09-30,50.0,Consultoría,referral,PE
TXN000657,CLT0061,2022-10-01,643.7,Plan Pro,web,EC
TXN000658,CLT0168,2022-10-01,252.18,Plan Básico,email,EC
TXN000659,CLT0126,2022-10-02,52.45,Plan Pro,email,PE
TXN000660,CLT0155,2022-10-02,94.67,Plan Básico,referral,PE
TXN000661,CLT0001,2022-10-03,207.96,Plan Pro,web,AR
TXN000662,CLT0162,2022-10-03,73.26,Plan Básico,email,BO
TXN000663,CLT0068,2022-10-03,109.48,Add-on,direct,PE
TXN000664,CLT0088,2022-10-04,267.54,Consultoría,email,MX
TXN000665,CLT0021,2022-10-04,625.6,Add-on,referral,BR
TXN000666,CLT0161,2022-10-05,179.86,Consultoría,direct,MX
TXN000667,CLT0135,2022-10-05,441.78,Plan Básico,web,AR
TXN000668,CLT0193,2022-10-05,732.55,Add-on,direct,CL
TXN000669,CLT0003,2022-10-06,85.31,Consultoría,direct,MX
TXN000670,CLT0051,2022-10-06,576.12,Plan Pro,referral,BO
TXN000671,CLT0079,2022-10-07,495.72,Plan Básico,email,EC
TXN000672,CLT0095,2022-10-07,154.53,Plan Básico,web,BR
TXN000673,CLT0182,2022-10-08,1595.4,Plan Pro,direct,CO
TXN000674,CLT0123,2022-10-08,106.61,Plan Pro,referral,BR
TXN000675,CLT0187,2022-10-08,102.94,Consultoría,email,MX
TXN000676,CLT0006,2022-10-09,517.84,Plan Básico,direct,CO
TXN000677,CLT0157,2022-10-09,199.61,Consultoría,referral,AR
TXN000678,CLT0017,2022-10-10,140.58,Plan Pro,referral,BO
TXN000679,CLT0117,2022-10-10,68.89,Plan Básico,referral,BR
TXN000680,CLT0060,2022-10-10,507.35,Plan Pro,web,CL
TXN000681,CLT0150,2022-10-11,540.15,Consultoría,email,CO
TXN000682,CLT0152,2022-10-11,292.6,Consultoría,direct,CO
TXN000683,CLT0125,2022-10-12,1103.86,Consultoría,email,BR
TXN000684,CLT0081,2022-10-12,134.04,Plan Básico,email,MX
TXN000685,CLT0085,2022-10-13,86.79,Plan Pro,direct,CO
TXN000686,CLT0051,2022-10-13,396.04,Plan Pro,email,AR
TXN000687,CLT0178,2022-10-13,497.18,Consultoría,web,BR
TXN000688,CLT0139,2022-10-14,89.17,Consultoría,direct,AR
TXN000689,CLT0184,2022-10-14,50.0,Consultoría,direct,BR
TXN000690,CLT0071,2022-10-15,582.21,Consultoría,referral,AR
TXN000691,CLT0170,2022-10-15,1312.79,Add-on,email,MX
TXN000692,CLT0039,2022-10-15,362.15,Add-on,direct,BR
TXN000693,CLT0069,2022-10-16,113.94,Add-on,direct,BO
TXN000694,CLT0048,2022-10-16,1996.95,Consultoría,web,EC
TXN000695,CLT0125,2022-10-17,783.1,Consultoría,referral,CL
TXN000696,CLT0057,2022-10-17,252.1,Plan Pro,direct,MX
TXN000697,CLT0021,2022-10-18,610.68,Plan Básico,web,AR
TXN000698,CLT0082,2022-10-18,592.15,Plan Pro,direct,BO
TXN000699,CLT0099,2022-10-18,955.6,Add-on,direct,BR
TXN000700,CLT0148,2022-10-19,643.43,Plan Pro,direct,MX
TXN000701,CLT0015,2022-10-19,361.17,Consultoría,web,AR
TXN000702,CLT0069,2022-10-20,328.94,Add-on,email,PE
TXN000703,CLT0179,2022-10-20,220.47,Add-on,direct,PE
TXN000704,CLT0076,2022-10-20,344.68,Plan Básico,direct,CO
TXN000705,CLT0062,2022-10-21,555.03,Plan Básico,email,CL
TXN000706,CLT0119,2022-10-21,1216.24,Add-on,direct,PE
TXN000707,CLT0037,2022-10-22,220.42,Add-on,referral,EC
TXN000708,CLT0134,2022-10-22,298.38,Plan Pro,direct,AR
TXN000709,CLT0199,2022-10-23,205.95,Add-on,referral,MX
TXN000710,CLT0026,2022-10-23,386.43,Consultoría,email,BR
TXN000711,CLT0008,2022-10-23,347.91,Plan Pro,web,MX
TXN000712,CLT0004,2022-10-24,50.0,Consultoría,email,CO
TXN000713,CLT0021,2022-10-24,272.67,Consultoría,direct,BO
TXN000714,CLT0159,2022-10-25,50.0,Consultoría,referral,MX
TXN000715,CLT0149,2022-10-25,50.0,Add-on,web,PE
TXN000716,CLT0025,2022-10-25,548.23,Plan Básico,direct,MX
TXN000717,CLT0143,2022-10-26,104.75,Plan Básico,web,PE
TXN000718,CLT0163,2022-10-26,145.78,Consultoría,web,PE
TXN000719,CLT0177,2022-10-27,50.0,Add-on,direct,CL
TXN000720,CLT0043,2022-10-27,69.24,Plan Pro,email,CO
TXN000721,CLT0169,2022-10-28,507.76,Consultoría,direct,EC
TXN000722,CLT0037,2022-10-28,238.1,Plan Pro,direct,EC
TXN000723,CLT0185,2022-10-28,744.05,Plan Pro,email,AR
TXN000724,CLT0042,2022-10-29,177.18,Add-on,referral,EC
TXN000725,CLT0175,2022-10-29,109.53,Add-on,direct,PE
TXN000726,CLT0092,2022-10-30,149.48,Plan Básico,web,BR
TXN000727,CLT0061,2022-10-30,436.62,Plan Básico,direct,CO
TXN000728,CLT0142,2022-10-30,283.39,Add-on,direct,AR
TXN000729,CLT0068,2022-10-31,820.89,Consultoría,web,EC
TXN000730,CLT0053,2022-10-31,322.6,Plan Básico,email,EC
TXN000731,CLT0084,2022-11-01,237.75,Plan Pro,referral,BR
TXN000732,CLT0034,2022-11-01,539.22,Consultoría,referral,MX
TXN000733,CLT0076,2022-11-02,1031.66,Plan Pro,web,CO
TXN000734,CLT0097,2022-11-02,153.94,Add-on,email,BR
TXN000735,CLT0152,2022-11-02,100.63,Plan Pro,direct,EC
TXN000736,CLT0148,2022-11-03,335.19,Consultoría,direct,CO
TXN000737,CLT0197,2022-11-03,241.81,Add-on,direct,CO
TXN000738,CLT0030,2022-11-04,1584.41,Consultoría,direct,EC
TXN000739,CLT0088,2022-11-04,217.2,Plan Pro,direct,MX
TXN000740,CLT0007,2022-11-04,50.0,Consultoría,web,MX
TXN000741,CLT0036,2022-11-05,1325.95,Add-on,direct,EC
TXN000742,CLT0038,2022-11-05,649.34,Plan Pro,direct,CO
TXN000743,CLT0052,2022-11-06,68.71,Plan Pro,email,BR
TXN000744,CLT0143,2022-11-06,822.41,Plan Básico,direct,CL
TXN000745,CLT0174,2022-11-07,145.78,Plan Básico,referral,PE
TXN000746,CLT0151,2022-11-07,165.69,Consultoría,web,MX
TXN000747,CLT0140,2022-11-07,829.02,Plan Básico,web,EC
TXN000748,CLT0172,2022-11-08,264.34,Plan Básico,web,BO
TXN000749,CLT0143,2022-11-08,51.88,Plan Básico,referral,CL
TXN000750,CLT0093,2022-11-09,161.19,Plan Básico,direct,MX
TXN000751,CLT0107,2022-11-09,448.17,Add-on,web,BO
TXN000752,CLT0126,2022-11-09,66.98,Add-on,referral,CO
TXN000753,CLT0049,2022-11-10,312.26,Plan Básico,email,EC
TXN000754,CLT0021,2022-11-10,415.92,Consultoría,direct,CL
TXN000755,CLT0015,2022-11-11,147.48,Add-on,referral,EC
TXN000756,CLT0014,2022-11-11,414.32,Plan Básico,direct,BR
TXN000757,CLT0042,2022-11-12,754.58,Add-on,email,BR
TXN000758,CLT0015,2022-11-12,223.61,Plan Pro,referral,AR
TXN000759,CLT0063,2022-11-12,168.96,Add-on,direct,PE
TXN000760,CLT0196,2022-11-13,101.23,Add-on,referral,PE
TXN000761,CLT0027,2022-11-13,324.4,Consultoría,web,MX
TXN000762,CLT0093,2022-11-14,741.66,Add-on,direct,PE
TXN000763,CLT0105,2022-11-14,137.39,Consultoría,referral,EC
TXN000764,CLT0053,2022-11-14,176.6,Plan Pro,web,EC
TXN000765,CLT0052,2022-11-15,182.68,Plan Básico,email,AR
TXN000766,CLT0063,2022-11-15,287.99,Consultoría,direct,BO
TXN000767,CLT0181,2022-11-16,90.76,Add-on,direct,BR
TXN000768,CLT0057,2022-11-16,604.51,Add-on,email,BO
TXN000769,CLT0120,2022-11-17,122.64,Consultoría,web,BO
TXN000770,CLT0052,2022-11-17,427.7,Plan Pro,email,CL
TXN000771,CLT0107,2022-11-17,251.98,Plan Básico,direct,CL
TXN000772,CLT0043,2022-11-18,308.57,Add-on,referral,BR
TXN000773,CLT0135,2022-11-18,69.29,Plan Pro,web,CO
TXN000774,CLT0117,2022-11-19,464.84,Plan Básico,web,BR
TXN000775,CLT0170,2022-11-19,73.16,Plan Básico,web,CL
TXN000776,CLT0004,2022-11-19,50.0,Add-on,email,BO
TXN000777,CLT0197,2022-11-20,276.9,Consultoría,email,MX
TXN000778,CLT0133,2022-11-20,432.41,Add-on,referral,AR
TXN000779,CLT0080,2022-11-21,50.0,Add-on,referral,BO
TXN000780,CLT0041,2022-11-21,50.0,Add-on,web,BR
TXN000781,CLT0132,2022-11-22,568.02,Plan Pro,referral,CO
TXN000782,CLT0002,2022-11-22,579.48,Consultoría,email,BO
TXN000783,CLT0195,2022-11-22,98.5,Plan Pro,referral,MX
TXN000784,CLT0149,2022-11-23,334.29,Add-on,email,BR
TXN000785,CLT0198,2022-11-23,204.93,Consultoría,referral,MX
TXN000786,CLT0043,2022-11-24,350.55,Plan Básico,direct,BO
TXN000787,CLT0082,2022-11-24,695.41,Consultoría,email,BR
TXN000788,CLT0108,2022-11-24,50.0,Add-on,direct,MX
TXN000789,CLT0197,2022-11-25,526.75,Consultoría,email,EC
TXN000790,CLT0137,2022-11-25,237.76,Plan Básico,referral,PE
TXN000791,CLT0156,2022-11-26,290.64,Plan Básico,direct,MX
TXN000792,CLT0026,2022-11-26,371.39,Consultoría,referral,EC
TXN000793,CLT0082,2022-11-27,895.67,Plan Básico,email,BO
TXN000794,CLT0083,2022-11-27,50.0,Plan Pro,direct,PE
TXN000795,CLT0131,2022-11-27,50.0,Consultoría,web,CL
TXN000796,CLT0073,2022-11-28,68.72,Plan Básico,referral,PE
TXN000797,CLT0100,2022-11-28,1505.42,Plan Básico,email,MX
TXN000798,CLT0049,2022-11-29,439.44,Consultoría,direct,AR
TXN000799,CLT0145,2022-11-29,333.75,Plan Pro,referral,AR
TXN000800,CLT0063,2022-11-29,50.0,Consultoría,direct,CL
